EC,id
1.-.-.-,1
1.1.-.-,2
1.1.1.-,3
1.1.1.1,4
1.1.1.10,5
1.1.1.100,6
1.1.1.102,7
1.1.1.103,8
1.1.1.105,9
1.1.1.108,10
1.1.1.130,11
1.1.1.133,12
1.1.1.14,13
1.1.1.145,14
1.1.1.146,15
1.1.1.169,16
1.1.1.17,17
1.1.1.179,18
1.1.1.18,19
1.1.1.184,20
1.1.1.193,21
1.1.1.195,22
1.1.1.2,23
1.1.1.201,24
1.1.1.205,25
1.1.1.209,26
1.1.1.21,27
1.1.1.210,28
1.1.1.219,29
1.1.1.22,30
1.1.1.23,31
1.1.1.234,32
1.1.1.239,33
1.1.1.25,34
1.1.1.26,35
1.1.1.261,36
1.1.1.262,37
1.1.1.267,38
1.1.1.27,39
1.1.1.270,40
1.1.1.271,41
1.1.1.28,42
1.1.1.282,43
1.1.1.284,44
1.1.1.290,45
1.1.1.298,46
1.1.1.3,47
1.1.1.30,48
1.1.1.300,49
1.1.1.302,50
1.1.1.304,51
1.1.1.305,52
1.1.1.307,53
1.1.1.31,54
1.1.1.330,55
1.1.1.336,56
1.1.1.34,57
1.1.1.346,58
1.1.1.35,59
1.1.1.357,60
1.1.1.37,61
1.1.1.372,62
1.1.1.38,63
1.1.1.399,64
1.1.1.40,65
1.1.1.408,66
1.1.1.41,67
1.1.1.42,68
1.1.1.44,69
1.1.1.47,70
1.1.1.49,71
1.1.1.51,72
1.1.1.53,73
1.1.1.54,74
1.1.1.58,75
1.1.1.62,76
1.1.1.67,77
1.1.1.79,78
1.1.1.8,79
1.1.1.81,80
1.1.1.82,81
1.1.1.85,82
1.1.1.86,83
1.1.1.9,84
1.1.1.94,85
1.1.1.95,86
1.1.1.n12,87
1.1.3.-,88
1.1.3.15,89
1.1.3.21,90
1.1.3.8,91
1.1.5.3,92
1.1.5.4,93
1.1.98.-,94
1.1.98.2,95
1.1.99.-,96
1.1.99.1,97
1.1.99.2,98
1.1.99.24,99
1.1.99.39,100
1.10.3.-,101
1.10.3.1,102
1.10.3.11,103
1.10.3.2,104
1.10.3.9,105
1.11.-.-,106
1.11.1.-,107
1.11.1.11,108
1.11.1.12,109
1.11.1.14,110
1.11.1.20,111
1.11.1.21,112
1.11.1.24,113
1.11.1.25,114
1.11.1.26,115
1.11.1.27,116
1.11.1.28,117
1.11.1.5,118
1.11.1.6,119
1.11.1.7,120
1.11.1.9,121
1.11.2.3,122
1.12.2.1,123
1.12.98.1,124
1.12.98.2,125
1.12.98.3,126
1.12.99.-,127
1.12.99.6,128
1.13.-.-,129
1.13.11.-,130
1.13.11.11,131
1.13.11.12,132
1.13.11.16,133
1.13.11.20,134
1.13.11.24,135
1.13.11.27,136
1.13.11.31,137
1.13.11.33,138
1.13.11.5,139
1.13.11.51,140
1.13.11.53,141
1.13.11.54,142
1.13.11.58,143
1.13.11.6,144
1.13.12.-,145
1.13.99.1,146
1.14.-.-,147
1.14.11.-,148
1.14.11.13,149
1.14.11.15,150
1.14.11.2,151
1.14.11.27,152
1.14.11.29,153
1.14.11.33,154
1.14.11.4,155
1.14.11.53,156
1.14.11.55,157
1.14.11.61,158
1.14.11.64,159
1.14.11.7,160
1.14.11.79,161
1.14.11.9,162
1.14.12.17,163
1.14.12.19,164
1.14.13.-,165
1.14.13.127,166
1.14.13.148,167
1.14.13.168,168
1.14.13.196,169
1.14.13.39,170
1.14.13.8,171
1.14.13.81,172
1.14.13.9,173
1.14.13.n7,174
1.14.14.-,175
1.14.14.1,176
1.14.14.137,177
1.14.14.14,178
1.14.14.154,179
1.14.14.17,180
1.14.14.18,181
1.14.14.19,182
1.14.14.3,183
1.14.14.32,184
1.14.14.5,185
1.14.14.51,186
1.14.14.80,187
1.14.14.91,188
1.14.15.24,189
1.14.15.30,190
1.14.15.4,191
1.14.15.6,192
1.14.16.1,193
1.14.16.2,194
1.14.16.4,195
1.14.17.-,196
1.14.17.4,197
1.14.18.-,198
1.14.18.1,199
1.14.18.2,200
1.14.18.9,201
1.14.19.-,202
1.14.19.1,203
1.14.19.17,204
1.14.19.2,205
1.14.19.20,206
1.14.19.3,207
1.14.19.41,208
1.14.20.4,209
1.14.20.6,210
1.14.99.-,211
1.14.99.1,212
1.14.99.29,213
1.14.99.46,214
1.14.99.48,215
1.14.99.60,216
1.15.1.1,217
1.15.1.2,218
1.16.-.-,219
1.16.1.-,220
1.16.1.1,221
1.16.1.7,222
1.16.1.9,223
1.16.3.1,224
1.16.3.2,225
1.17.1.8,226
1.17.1.9,227
1.17.4.1,228
1.17.4.2,229
1.17.7.1,230
1.17.7.3,231
1.17.7.4,232
1.17.99.6,233
1.17.99.9,234
1.18.1.-,235
1.18.1.2,236
1.18.1.3,237
1.18.1.6,238
1.18.6.1,239
1.2.1.-,240
1.2.1.10,241
1.2.1.103,242
1.2.1.106,243
1.2.1.11,244
1.2.1.12,245
1.2.1.13,246
1.2.1.18,247
1.2.1.19,248
1.2.1.24,249
1.2.1.27,250
1.2.1.28,251
1.2.1.3,252
1.2.1.36,253
1.2.1.38,254
1.2.1.41,255
1.2.1.47,256
1.2.1.5,257
1.2.1.59,258
1.2.1.70,259
1.2.1.71,260
1.2.1.72,261
1.2.1.79,262
1.2.1.8,263
1.2.1.84,264
1.2.1.87,265
1.2.1.88,266
1.2.4.1,267
1.2.4.2,268
1.2.4.4,269
1.2.7.1,270
1.2.7.11,271
1.2.7.12,272
1.2.7.3,273
1.2.7.4,274
1.2.7.7,275
1.2.7.8,276
1.20.4.1,277
1.20.4.2,278
1.20.4.4,279
1.21.1.1,280
1.21.3.1,281
1.21.4.2,282
1.21.4.3,283
1.21.4.4,284
1.21.98.4,285
1.21.99.3,286
1.21.99.4,287
1.23.1.1,288
1.3.-.-,289
1.3.1.-,290
1.3.1.104,291
1.3.1.12,292
1.3.1.124,293
1.3.1.14,294
1.3.1.20,295
1.3.1.22,296
1.3.1.33,297
1.3.1.44,298
1.3.1.48,299
1.3.1.70,300
1.3.1.76,301
1.3.1.87,302
1.3.1.89,303
1.3.1.9,304
1.3.1.91,305
1.3.1.94,306
1.3.1.98,307
1.3.3.-,308
1.3.3.11,309
1.3.3.3,310
1.3.3.4,311
1.3.3.6,312
1.3.5.1,313
1.3.5.2,314
1.3.5.5,315
1.3.5.6,316
1.3.7.11,317
1.3.7.15,318
1.3.7.2,319
1.3.7.3,320
1.3.7.5,321
1.3.7.7,322
1.3.8.-,323
1.3.8.1,324
1.3.8.13,325
1.3.8.17,326
1.3.8.7,327
1.3.8.8,328
1.3.98.1,329
1.3.98.3,330
1.3.98.5,331
1.3.99.-,332
1.4.1.1,333
1.4.1.13,334
1.4.1.2,335
1.4.1.21,336
1.4.1.24,337
1.4.1.3,338
1.4.1.4,339
1.4.3.-,340
1.4.3.13,341
1.4.3.16,342
1.4.3.2,343
1.4.3.21,344
1.4.3.3,345
1.4.3.4,346
1.4.3.5,347
1.4.4.2,348
1.4.9.1,349
1.4.99.-,350
1.5.-.-,351
1.5.1.-,352
1.5.1.15,353
1.5.1.2,354
1.5.1.3,355
1.5.1.36,356
1.5.1.42,357
1.5.1.49,358
1.5.1.5,359
1.5.1.50,360
1.5.1.54,361
1.5.3.-,362
1.5.3.1,363
1.5.5.1,364
1.5.5.2,365
1.5.98.1,366
1.5.99.12,367
1.6.-.-,368
1.6.1.1,369
1.6.2.2,370
1.6.2.4,371
1.6.3.-,372
1.6.5.-,373
1.6.5.10,374
1.6.5.2,375
1.6.5.4,376
1.6.5.5,377
1.6.5.9,378
1.6.99.-,379
1.6.99.1,380
1.7.-.-,381
1.7.1.1,382
1.7.1.13,383
1.7.1.17,384
1.7.1.7,385
1.7.2.1,386
1.7.2.2,387
1.7.2.3,388
1.7.2.4,389
1.7.3.3,390
1.7.5.1,391
1.7.99.1,392
1.8.-.-,393
1.8.1.-,394
1.8.1.14,395
1.8.1.2,396
1.8.1.4,397
1.8.1.7,398
1.8.1.8,399
1.8.1.9,400
1.8.3.2,401
1.8.3.4,402
1.8.4.-,403
1.8.4.10,404
1.8.4.11,405
1.8.4.12,406
1.8.4.14,407
1.8.4.8,408
1.8.5.-,409
1.8.5.1,410
1.8.7.1,411
1.8.7.2,412
1.8.98.5,413
1.9.6.1,414
1.97.1.-,415
1.97.1.12,416
1.97.1.4,417
2.-.-.-,418
2.1.-.-,419
2.1.1.-,420
2.1.1.10,421
2.1.1.100,422
2.1.1.104,423
2.1.1.107,424
2.1.1.113,425
2.1.1.14,426
2.1.1.144,427
2.1.1.148,428
2.1.1.159,429
2.1.1.163,430
2.1.1.166,431
2.1.1.17,432
2.1.1.170,433
2.1.1.172,434
2.1.1.173,435
2.1.1.174,436
2.1.1.176,437
2.1.1.177,438
2.1.1.178,439
2.1.1.181,440
2.1.1.182,441
2.1.1.183,442
2.1.1.184,443
2.1.1.185,444
2.1.1.186,445
2.1.1.189,446
2.1.1.190,447
2.1.1.191,448
2.1.1.192,449
2.1.1.193,450
2.1.1.195,451
2.1.1.196,452
2.1.1.197,453
2.1.1.198,454
2.1.1.199,455
2.1.1.200,456
2.1.1.201,457
2.1.1.206,458
2.1.1.207,459
2.1.1.211,460
2.1.1.216,461
2.1.1.220,462
2.1.1.221,463
2.1.1.222,464
2.1.1.223,465
2.1.1.224,466
2.1.1.225,467
2.1.1.228,468
2.1.1.233,469
2.1.1.242,470
2.1.1.244,471
2.1.1.249,472
2.1.1.250,473
2.1.1.257,474
2.1.1.261,475
2.1.1.264,476
2.1.1.282,477
2.1.1.290,478
2.1.1.297,479
2.1.1.298,480
2.1.1.314,481
2.1.1.319,482
2.1.1.320,483
2.1.1.33,484
2.1.1.346,485
2.1.1.348,486
2.1.1.35,487
2.1.1.354,488
2.1.1.355,489
2.1.1.356,490
2.1.1.359,491
2.1.1.360,492
2.1.1.361,493
2.1.1.362,494
2.1.1.366,495
2.1.1.37,496
2.1.1.372,497
2.1.1.386,498
2.1.1.4,499
2.1.1.41,500
2.1.1.45,501
2.1.1.56,502
2.1.1.57,503
2.1.1.6,504
2.1.1.61,505
2.1.1.63,506
2.1.1.64,507
2.1.1.67,508
2.1.1.68,509
2.1.1.71,510
2.1.1.72,511
2.1.1.74,512
2.1.1.77,513
2.1.1.79,514
2.1.1.8,515
2.1.1.80,516
2.1.1.85,517
2.1.1.86,518
2.1.1.98,519
2.1.2.-,520
2.1.2.1,521
2.1.2.10,522
2.1.2.11,523
2.1.2.13,524
2.1.2.2,525
2.1.2.3,526
2.1.2.5,527
2.1.2.9,528
2.1.3.-,529
2.1.3.15,530
2.1.3.2,531
2.1.3.3,532
2.1.3.6,533
2.1.4.1,534
2.10.1.1,535
2.2.1.1,536
2.2.1.10,537
2.2.1.2,538
2.2.1.6,539
2.2.1.7,540
2.2.1.9,541
2.3.-.-,542
2.3.1.-,543
2.3.1.1,544
2.3.1.101,545
2.3.1.108,546
2.3.1.109,547
2.3.1.117,548
2.3.1.12,549
2.3.1.122,550
2.3.1.129,551
2.3.1.13,552
2.3.1.15,553
2.3.1.155,554
2.3.1.157,555
2.3.1.16,556
2.3.1.169,557
2.3.1.178,558
2.3.1.179,559
2.3.1.180,560
2.3.1.181,561
2.3.1.184,562
2.3.1.189,563
2.3.1.191,564
2.3.1.193,565
2.3.1.199,566
2.3.1.20,567
2.3.1.204,568
2.3.1.21,569
2.3.1.22,570
2.3.1.222,571
2.3.1.225,572
2.3.1.23,573
2.3.1.231,574
2.3.1.234,575
2.3.1.24,576
2.3.1.245,577
2.3.1.251,578
2.3.1.255,579
2.3.1.258,580
2.3.1.26,581
2.3.1.268,582
2.3.1.269,583
2.3.1.274,584
2.3.1.275,585
2.3.1.28,586
2.3.1.282,587
2.3.1.286,588
2.3.1.30,589
2.3.1.301,590
2.3.1.31,591
2.3.1.35,592
2.3.1.37,593
2.3.1.39,594
2.3.1.4,595
2.3.1.40,596
2.3.1.41,597
2.3.1.43,598
2.3.1.46,599
2.3.1.47,600
2.3.1.48,601
2.3.1.5,602
2.3.1.50,603
2.3.1.51,604
2.3.1.54,605
2.3.1.57,606
2.3.1.61,607
2.3.1.67,608
2.3.1.74,609
2.3.1.75,610
2.3.1.76,611
2.3.1.8,612
2.3.1.81,613
2.3.1.82,614
2.3.1.87,615
2.3.1.89,616
2.3.1.9,617
2.3.1.97,618
2.3.1.n5,619
2.3.1.n6,620
2.3.1.n7,621
2.3.2.-,622
2.3.2.13,623
2.3.2.16,624
2.3.2.17,625
2.3.2.18,626
2.3.2.2,627
2.3.2.23,628
2.3.2.24,629
2.3.2.26,630
2.3.2.27,631
2.3.2.29,632
2.3.2.3,633
2.3.2.31,634
2.3.2.34,635
2.3.2.36,636
2.3.2.5,637
2.3.2.6,638
2.3.3.-,639
2.3.3.1,640
2.3.3.10,641
2.3.3.13,642
2.3.3.14,643
2.3.3.16,644
2.3.3.21,645
2.3.3.5,646
2.3.3.8,647
2.3.3.9,648
2.4.-.-,649
2.4.1.-,650
2.4.1.1,651
2.4.1.10,652
2.4.1.102,653
2.4.1.109,654
2.4.1.11,655
2.4.1.115,656
2.4.1.117,657
2.4.1.12,658
2.4.1.122,659
2.4.1.123,660
2.4.1.129,661
2.4.1.13,662
2.4.1.131,663
2.4.1.132,664
2.4.1.135,665
2.4.1.141,666
2.4.1.142,667
2.4.1.145,668
2.4.1.148,669
2.4.1.15,670
2.4.1.150,671
2.4.1.152,672
2.4.1.16,673
2.4.1.17,674
2.4.1.175,675
2.4.1.18,676
2.4.1.180,677
2.4.1.182,678
2.4.1.186,679
2.4.1.187,680
2.4.1.19,681
2.4.1.198,682
2.4.1.207,683
2.4.1.21,684
2.4.1.212,685
2.4.1.221,686
2.4.1.222,687
2.4.1.224,688
2.4.1.225,689
2.4.1.226,690
2.4.1.227,691
2.4.1.242,692
2.4.1.25,693
2.4.1.250,694
2.4.1.255,695
2.4.1.256,696
2.4.1.257,697
2.4.1.258,698
2.4.1.265,699
2.4.1.267,700
2.4.1.275,701
2.4.1.312,702
2.4.1.315,703
2.4.1.32,704
2.4.1.325,705
2.4.1.344,706
2.4.1.347,707
2.4.1.38,708
2.4.1.41,709
2.4.1.46,710
2.4.1.50,711
2.4.1.65,712
2.4.1.68,713
2.4.1.69,714
2.4.1.80,715
2.4.1.83,716
2.4.1.87,717
2.4.1.90,718
2.4.1.91,719
2.4.2.-,720
2.4.2.1,721
2.4.2.10,722
2.4.2.14,723
2.4.2.17,724
2.4.2.18,725
2.4.2.19,726
2.4.2.2,727
2.4.2.21,728
2.4.2.22,729
2.4.2.26,730
2.4.2.28,731
2.4.2.29,732
2.4.2.3,733
2.4.2.30,734
2.4.2.31,735
2.4.2.4,736
2.4.2.43,737
2.4.2.44,738
2.4.2.48,739
2.4.2.52,740
2.4.2.53,741
2.4.2.57,742
2.4.2.59,743
2.4.2.60,744
2.4.2.64,745
2.4.2.7,746
2.4.2.8,747
2.4.2.9,748
2.4.3.1,749
2.4.3.2,750
2.4.3.4,751
2.4.3.6,752
2.4.99.-,753
2.4.99.12,754
2.4.99.13,755
2.4.99.16,756
2.4.99.17,757
2.4.99.18,758
2.5.-.-,759
2.5.1.-,760
2.5.1.1,761
2.5.1.10,762
2.5.1.108,763
2.5.1.114,764
2.5.1.129,765
2.5.1.140,766
2.5.1.141,767
2.5.1.145,768
2.5.1.147,769
2.5.1.15,770
2.5.1.16,771
2.5.1.17,772
2.5.1.18,773
2.5.1.19,774
2.5.1.21,775
2.5.1.25,776
2.5.1.27,777
2.5.1.29,778
2.5.1.3,779
2.5.1.31,780
2.5.1.32,781
2.5.1.34,782
2.5.1.39,783
2.5.1.41,784
2.5.1.42,785
2.5.1.43,786
2.5.1.46,787
2.5.1.47,788
2.5.1.48,789
2.5.1.54,790
2.5.1.55,791
2.5.1.58,792
2.5.1.59,793
2.5.1.6,794
2.5.1.60,795
2.5.1.61,796
2.5.1.7,797
2.5.1.72,798
2.5.1.73,799
2.5.1.75,800
2.5.1.76,801
2.5.1.78,802
2.5.1.81,803
2.5.1.87,804
2.5.1.89,805
2.5.1.9,806
2.5.1.96,807
2.5.1.n9,808
2.6.1.-,809
2.6.1.1,810
2.6.1.101,811
2.6.1.11,812
2.6.1.118,813
2.6.1.13,814
2.6.1.16,815
2.6.1.17,816
2.6.1.19,817
2.6.1.2,818
2.6.1.21,819
2.6.1.22,820
2.6.1.29,821
2.6.1.3,822
2.6.1.37,823
2.6.1.42,824
2.6.1.44,825
2.6.1.5,826
2.6.1.51,827
2.6.1.52,828
2.6.1.57,829
2.6.1.62,830
2.6.1.63,831
2.6.1.7,832
2.6.1.76,833
2.6.1.79,834
2.6.1.81,835
2.6.1.82,836
2.6.1.83,837
2.6.1.85,838
2.6.1.87,839
2.6.1.9,840
2.6.1.96,841
2.6.99.-,842
2.6.99.2,843
2.7.-.-,844
2.7.1.-,845
2.7.1.1,846
2.7.1.100,847
2.7.1.105,848
2.7.1.107,849
2.7.1.11,850
2.7.1.113,851
2.7.1.12,852
2.7.1.121,853
2.7.1.127,854
2.7.1.130,855
2.7.1.134,856
2.7.1.137,857
2.7.1.138,858
2.7.1.144,859
2.7.1.147,860
2.7.1.148,861
2.7.1.149,862
2.7.1.15,863
2.7.1.158,864
2.7.1.159,865
2.7.1.16,866
2.7.1.161,867
2.7.1.166,868
2.7.1.167,869
2.7.1.17,870
2.7.1.170,871
2.7.1.175,872
2.7.1.180,873
2.7.1.189,874
2.7.1.19,875
2.7.1.192,876
2.7.1.194,877
2.7.1.197,878
2.7.1.199,879
2.7.1.2,880
2.7.1.20,881
2.7.1.202,882
2.7.1.207,883
2.7.1.21,884
2.7.1.217,885
2.7.1.22,886
2.7.1.23,887
2.7.1.237,888
2.7.1.24,889
2.7.1.25,890
2.7.1.26,891
2.7.1.28,892
2.7.1.29,893
2.7.1.30,894
2.7.1.31,895
2.7.1.32,896
2.7.1.33,897
2.7.1.35,898
2.7.1.36,899
2.7.1.39,900
2.7.1.4,901
2.7.1.40,902
2.7.1.45,903
2.7.1.48,904
2.7.1.49,905
2.7.1.5,906
2.7.1.50,907
2.7.1.56,908
2.7.1.59,909
2.7.1.6,910
2.7.1.60,911
2.7.1.67,912
2.7.1.68,913
2.7.1.71,914
2.7.1.74,915
2.7.1.76,916
2.7.1.78,917
2.7.1.82,918
2.7.1.89,919
2.7.1.90,920
2.7.1.91,921
2.7.1.92,922
2.7.1.95,923
2.7.10.-,924
2.7.10.1,925
2.7.10.2,926
2.7.11.-,927
2.7.11.1,928
2.7.11.10,929
2.7.11.11,930
2.7.11.12,931
2.7.11.13,932
2.7.11.14,933
2.7.11.15,934
2.7.11.16,935
2.7.11.17,936
2.7.11.18,937
2.7.11.2,938
2.7.11.21,939
2.7.11.22,940
2.7.11.23,941
2.7.11.24,942
2.7.11.25,943
2.7.11.26,944
2.7.11.27,945
2.7.11.30,946
2.7.11.31,947
2.7.11.32,948
2.7.11.33,949
2.7.11.34,950
2.7.11.5,951
2.7.12.1,952
2.7.12.2,953
2.7.13.3,954
2.7.14.1,955
2.7.2.1,956
2.7.2.11,957
2.7.2.15,958
2.7.2.16,959
2.7.2.17,960
2.7.2.19,961
2.7.2.2,962
2.7.2.3,963
2.7.2.4,964
2.7.2.7,965
2.7.2.8,966
2.7.3.2,967
2.7.3.3,968
2.7.3.9,969
2.7.4.-,970
2.7.4.1,971
2.7.4.10,972
2.7.4.14,973
2.7.4.16,974
2.7.4.2,975
2.7.4.22,976
2.7.4.23,977
2.7.4.25,978
2.7.4.27,979
2.7.4.28,980
2.7.4.3,981
2.7.4.6,982
2.7.4.7,983
2.7.4.8,984
2.7.4.9,985
2.7.6.1,986
2.7.6.2,987
2.7.6.3,988
2.7.6.5,989
2.7.7.-,990
2.7.7.1,991
2.7.7.101,992
2.7.7.105,993
2.7.7.108,994
2.7.7.12,995
2.7.7.13,996
2.7.7.15,997
2.7.7.18,998
2.7.7.19,999
2.7.7.2,1000
2.7.7.23,1001
2.7.7.24,1002
2.7.7.27,1003
2.7.7.3,1004
2.7.7.31,1005
2.7.7.38,1006
2.7.7.4,1007
2.7.7.40,1008
2.7.7.41,1009
2.7.7.42,1010
2.7.7.43,1011
2.7.7.48,1012
2.7.7.49,1013
2.7.7.50,1014
2.7.7.52,1015
2.7.7.56,1016
2.7.7.59,1017
2.7.7.6,1018
2.7.7.60,1019
2.7.7.61,1020
2.7.7.65,1021
2.7.7.66,1022
2.7.7.67,1023
2.7.7.68,1024
2.7.7.7,1025
2.7.7.70,1026
2.7.7.72,1027
2.7.7.75,1028
2.7.7.77,1029
2.7.7.79,1030
2.7.7.8,1031
2.7.7.80,1032
2.7.7.84,1033
2.7.7.85,1034
2.7.7.87,1035
2.7.7.89,1036
2.7.7.9,1037
2.7.7.90,1038
2.7.8.-,1039
2.7.8.1,1040
2.7.8.13,1041
2.7.8.15,1042
2.7.8.2,1043
2.7.8.20,1044
2.7.8.24,1045
2.7.8.26,1046
2.7.8.27,1047
2.7.8.28,1048
2.7.8.29,1049
2.7.8.33,1050
2.7.8.41,1051
2.7.8.5,1052
2.7.8.7,1053
2.7.8.8,1054
2.7.9.1,1055
2.7.9.2,1056
2.7.9.3,1057
2.8.1.-,1058
2.8.1.1,1059
2.8.1.10,1060
2.8.1.11,1061
2.8.1.12,1062
2.8.1.13,1063
2.8.1.14,1064
2.8.1.4,1065
2.8.1.6,1066
2.8.1.7,1067
2.8.1.8,1068
2.8.1.9,1069
2.8.2.-,1070
2.8.2.1,1071
2.8.2.2,1072
2.8.2.20,1073
2.8.2.21,1074
2.8.2.8,1075
2.8.3.-,1076
2.8.3.16,1077
2.8.3.21,1078
2.8.3.5,1079
2.8.4.1,1080
2.8.4.3,1081
2.8.4.4,1082
2.8.4.5,1083
2.8.5.2,1084
2.9.1.1,1085
2.9.1.2,1086
2.9.1.3,1087
3.-.-.-,1088
3.1.-.-,1089
3.1.1.-,1090
3.1.1.1,1091
3.1.1.101,1092
3.1.1.106,1093
3.1.1.11,1094
3.1.1.117,1095
3.1.1.13,1096
3.1.1.17,1097
3.1.1.2,1098
3.1.1.22,1099
3.1.1.23,1100
3.1.1.26,1101
3.1.1.29,1102
3.1.1.3,1103
3.1.1.31,1104
3.1.1.32,1105
3.1.1.34,1106
3.1.1.4,1107
3.1.1.45,1108
3.1.1.47,1109
3.1.1.5,1110
3.1.1.53,1111
3.1.1.6,1112
3.1.1.61,1113
3.1.1.64,1114
3.1.1.7,1115
3.1.1.72,1116
3.1.1.73,1117
3.1.1.74,1118
3.1.1.79,1119
3.1.1.8,1120
3.1.1.81,1121
3.1.1.85,1122
3.1.1.89,1123
3.1.1.96,1124
3.1.11.-,1125
3.1.11.1,1126
3.1.11.2,1127
3.1.11.6,1128
3.1.12.1,1129
3.1.13.-,1130
3.1.13.1,1131
3.1.13.4,1132
3.1.13.5,1133
3.1.15.-,1134
3.1.16.1,1135
3.1.2.-,1136
3.1.2.1,1137
3.1.2.12,1138
3.1.2.2,1139
3.1.2.20,1140
3.1.2.22,1141
3.1.2.28,1142
3.1.2.4,1143
3.1.2.6,1144
3.1.21.-,1145
3.1.21.1,1146
3.1.21.10,1147
3.1.21.2,1148
3.1.21.3,1149
3.1.21.4,1150
3.1.21.7,1151
3.1.22.-,1152
3.1.22.1,1153
3.1.26.-,1154
3.1.26.11,1155
3.1.26.3,1156
3.1.26.4,1157
3.1.26.5,1158
3.1.26.8,1159
3.1.26.n2,1160
3.1.27.-,1161
3.1.3.-,1162
3.1.3.1,1163
3.1.3.11,1164
3.1.3.12,1165
3.1.3.15,1166
3.1.3.16,1167
3.1.3.18,1168
3.1.3.2,1169
3.1.3.23,1170
3.1.3.24,1171
3.1.3.25,1172
3.1.3.27,1173
3.1.3.3,1174
3.1.3.36,1175
3.1.3.37,1176
3.1.3.4,1177
3.1.3.46,1178
3.1.3.48,1179
3.1.3.5,1180
3.1.3.56,1181
3.1.3.57,1182
3.1.3.6,1183
3.1.3.64,1184
3.1.3.67,1185
3.1.3.7,1186
3.1.3.70,1187
3.1.3.71,1188
3.1.3.74,1189
3.1.3.77,1190
3.1.3.78,1191
3.1.3.8,1192
3.1.3.82,1193
3.1.3.84,1194
3.1.3.86,1195
3.1.3.87,1196
3.1.3.89,1197
3.1.3.9,1198
3.1.3.91,1199
3.1.3.95,1200
3.1.3.99,1201
3.1.30.-,1202
3.1.31.1,1203
3.1.4.-,1204
3.1.4.1,1205
3.1.4.11,1206
3.1.4.12,1207
3.1.4.14,1208
3.1.4.17,1209
3.1.4.3,1210
3.1.4.35,1211
3.1.4.37,1212
3.1.4.4,1213
3.1.4.41,1214
3.1.4.46,1215
3.1.4.52,1216
3.1.4.53,1217
3.1.4.58,1218
3.1.5.1,1219
3.1.6.-,1220
3.1.6.1,1221
3.1.7.11,1222
3.1.7.2,1223
3.1.8.1,1224
3.11.1.1,1225
3.13.2.1,1226
3.2.-.-,1227
3.2.1.-,1228
3.2.1.1,1229
3.2.1.10,1230
3.2.1.113,1231
3.2.1.132,1232
3.2.1.139,1233
3.2.1.14,1234
3.2.1.143,1235
3.2.1.147,1236
3.2.1.15,1237
3.2.1.151,1238
3.2.1.17,1239
3.2.1.171,1240
3.2.1.18,1241
3.2.1.196,1242
3.2.1.2,1243
3.2.1.20,1244
3.2.1.21,1245
3.2.1.22,1246
3.2.1.23,1247
3.2.1.25,1248
3.2.1.26,1249
3.2.1.28,1250
3.2.1.3,1251
3.2.1.31,1252
3.2.1.35,1253
3.2.1.37,1254
3.2.1.39,1255
3.2.1.4,1256
3.2.1.45,1257
3.2.1.46,1258
3.2.1.51,1259
3.2.1.52,1260
3.2.1.55,1261
3.2.1.58,1262
3.2.1.67,1263
3.2.1.73,1264
3.2.1.75,1265
3.2.1.78,1266
3.2.1.8,1267
3.2.1.81,1268
3.2.1.85,1269
3.2.1.86,1270
3.2.1.89,1271
3.2.1.91,1272
3.2.1.96,1273
3.2.1.99,1274
3.2.1.n1,1275
3.2.2.-,1276
3.2.2.21,1277
3.2.2.22,1278
3.2.2.23,1279
3.2.2.27,1280
3.2.2.28,1281
3.2.2.31,1282
3.2.2.5,1283
3.2.2.6,1284
3.2.2.8,1285
3.2.2.9,1286
3.2.2.n1,1287
3.3.2.1,1288
3.3.2.10,1289
3.4.-.-,1290
3.4.11.-,1291
3.4.11.1,1292
3.4.11.10,1293
3.4.11.18,1294
3.4.11.19,1295
3.4.11.2,1296
3.4.11.21,1297
3.4.11.23,1298
3.4.11.4,1299
3.4.11.5,1300
3.4.11.9,1301
3.4.13.-,1302
3.4.13.19,1303
3.4.13.21,1304
3.4.13.9,1305
3.4.14.-,1306
3.4.14.10,1307
3.4.14.11,1308
3.4.14.5,1309
3.4.14.9,1310
3.4.16.-,1311
3.4.16.4,1312
3.4.16.5,1313
3.4.16.6,1314
3.4.17.-,1315
3.4.17.21,1316
3.4.19.-,1317
3.4.19.1,1318
3.4.19.12,1319
3.4.19.13,1320
3.4.19.3,1321
3.4.19.5,1322
3.4.19.9,1323
3.4.21.-,1324
3.4.21.1,1325
3.4.21.102,1326
3.4.21.105,1327
3.4.21.107,1328
3.4.21.108,1329
3.4.21.19,1330
3.4.21.22,1331
3.4.21.26,1332
3.4.21.35,1333
3.4.21.4,1334
3.4.21.53,1335
3.4.21.59,1336
3.4.21.6,1337
3.4.21.62,1338
3.4.21.63,1339
3.4.21.68,1340
3.4.21.69,1341
3.4.21.7,1342
3.4.21.74,1343
3.4.21.88,1344
3.4.21.89,1345
3.4.21.92,1346
3.4.21.97,1347
3.4.22.-,1348
3.4.22.1,1349
3.4.22.15,1350
3.4.22.34,1351
3.4.22.36,1352
3.4.22.38,1353
3.4.22.39,1354
3.4.22.40,1355
3.4.22.45,1356
3.4.22.50,1357
3.4.22.53,1358
3.4.22.56,1359
3.4.23.-,1360
3.4.23.1,1361
3.4.23.15,1362
3.4.23.18,1363
3.4.23.24,1364
3.4.23.3,1365
3.4.23.36,1366
3.4.23.43,1367
3.4.23.5,1368
3.4.23.50,1369
3.4.24.-,1370
3.4.24.11,1371
3.4.24.28,1372
3.4.24.39,1373
3.4.24.40,1374
3.4.24.59,1375
3.4.24.64,1376
3.4.24.71,1377
3.4.24.75,1378
3.4.24.78,1379
3.4.25.1,1380
3.4.25.2,1381
3.5.-.-,1382
3.5.1.-,1383
3.5.1.1,1384
3.5.1.10,1385
3.5.1.102,1386
3.5.1.103,1387
3.5.1.105,1388
3.5.1.108,1389
3.5.1.110,1390
3.5.1.114,1391
3.5.1.122,1392
3.5.1.124,1393
3.5.1.128,1394
3.5.1.130,1395
3.5.1.132,1396
3.5.1.135,1397
3.5.1.14,1398
3.5.1.15,1399
3.5.1.16,1400
3.5.1.18,1401
3.5.1.2,1402
3.5.1.23,1403
3.5.1.25,1404
3.5.1.26,1405
3.5.1.28,1406
3.5.1.3,1407
3.5.1.4,1408
3.5.1.41,1409
3.5.1.44,1410
3.5.1.47,1411
3.5.1.49,1412
3.5.1.5,1413
3.5.1.52,1414
3.5.1.88,1415
3.5.1.9,1416
3.5.1.96,1417
3.5.1.97,1418
3.5.1.98,1419
3.5.1.99,1420
3.5.1.n3,1421
3.5.2.-,1422
3.5.2.15,1423
3.5.2.17,1424
3.5.2.2,1425
3.5.2.3,1426
3.5.2.5,1427
3.5.2.6,1428
3.5.2.7,1429
3.5.2.9,1430
3.5.3.1,1431
3.5.3.11,1432
3.5.3.12,1433
3.5.3.15,1434
3.5.3.18,1435
3.5.3.23,1436
3.5.3.4,1437
3.5.3.6,1438
3.5.3.8,1439
3.5.4.-,1440
3.5.4.10,1441
3.5.4.12,1442
3.5.4.13,1443
3.5.4.16,1444
3.5.4.19,1445
3.5.4.2,1446
3.5.4.25,1447
3.5.4.26,1448
3.5.4.27,1449
3.5.4.28,1450
3.5.4.29,1451
3.5.4.3,1452
3.5.4.30,1453
3.5.4.31,1454
3.5.4.33,1455
3.5.4.34,1456
3.5.4.36,1457
3.5.4.38,1458
3.5.4.39,1459
3.5.4.4,1460
3.5.4.41,1461
3.5.4.5,1462
3.5.4.6,1463
3.5.4.9,1464
3.5.5.1,1465
3.5.5.5,1466
3.5.99.10,1467
3.5.99.2,1468
3.5.99.6,1469
3.5.99.7,1470
3.6.-.-,1471
3.6.1.-,1472
3.6.1.1,1473
3.6.1.10,1474
3.6.1.11,1475
3.6.1.12,1476
3.6.1.13,1477
3.6.1.15,1478
3.6.1.17,1479
3.6.1.22,1480
3.6.1.23,1481
3.6.1.26,1482
3.6.1.27,1483
3.6.1.29,1484
3.6.1.31,1485
3.6.1.40,1486
3.6.1.41,1487
3.6.1.43,1488
3.6.1.45,1489
3.6.1.5,1490
3.6.1.52,1491
3.6.1.54,1492
3.6.1.55,1493
3.6.1.58,1494
3.6.1.6,1495
3.6.1.62,1496
3.6.1.66,1497
3.6.1.7,1498
3.6.1.71,1499
3.6.1.72,1500
3.6.1.73,1501
3.6.1.74,1502
3.6.1.75,1503
3.6.1.9,1504
3.6.3.-,1505
3.6.4.-,1506
3.6.4.10,1507
3.6.4.12,1508
3.6.4.13,1509
3.6.4.6,1510
3.6.5.-,1511
3.6.5.2,1512
3.6.5.3,1513
3.6.5.5,1514
3.6.5.n1,1515
3.7.1.-,1516
3.7.1.14,1517
3.7.1.2,1518
3.7.1.22,1519
3.7.1.3,1520
3.7.1.5,1521
3.7.1.8,1522
3.8.1.5,1523
3.9.1.-,1524
4.-.-.-,1525
4.1.-.-,1526
4.1.1.-,1527
4.1.1.1,1528
4.1.1.11,1529
4.1.1.111,1530
4.1.1.112,1531
4.1.1.15,1532
4.1.1.17,1533
4.1.1.19,1534
4.1.1.20,1535
4.1.1.21,1536
4.1.1.22,1537
4.1.1.23,1538
4.1.1.25,1539
4.1.1.28,1540
4.1.1.31,1541
4.1.1.32,1542
4.1.1.33,1543
4.1.1.35,1544
4.1.1.36,1545
4.1.1.37,1546
4.1.1.39,1547
4.1.1.4,1548
4.1.1.48,1549
4.1.1.49,1550
4.1.1.5,1551
4.1.1.50,1552
4.1.1.65,1553
4.1.1.83,1554
4.1.1.85,1555
4.1.1.97,1556
4.1.1.98,1557
4.1.2.-,1558
4.1.2.13,1559
4.1.2.14,1560
4.1.2.17,1561
4.1.2.19,1562
4.1.2.20,1563
4.1.2.25,1564
4.1.2.27,1565
4.1.2.4,1566
4.1.2.40,1567
4.1.2.43,1568
4.1.2.48,1569
4.1.2.50,1570
4.1.2.52,1571
4.1.2.53,1572
4.1.3.1,1573
4.1.3.16,1574
4.1.3.17,1575
4.1.3.24,1576
4.1.3.27,1577
4.1.3.3,1578
4.1.3.30,1579
4.1.3.36,1580
4.1.3.39,1581
4.1.3.4,1582
4.1.3.40,1583
4.1.3.44,1584
4.1.99.-,1585
4.1.99.1,1586
4.1.99.12,1587
4.1.99.17,1588
4.1.99.2,1589
4.1.99.22,1590
4.1.99.3,1591
4.1.99.5,1592
4.2.-.-,1593
4.2.1.-,1594
4.2.1.1,1595
4.2.1.10,1596
4.2.1.104,1597
4.2.1.108,1598
4.2.1.109,1599
4.2.1.11,1600
4.2.1.113,1601
4.2.1.119,1602
4.2.1.126,1603
4.2.1.130,1604
4.2.1.134,1605
4.2.1.136,1606
4.2.1.147,1607
4.2.1.149,1608
4.2.1.152,1609
4.2.1.17,1610
4.2.1.19,1611
4.2.1.2,1612
4.2.1.20,1613
4.2.1.22,1614
4.2.1.24,1615
4.2.1.3,1616
4.2.1.32,1617
4.2.1.33,1618
4.2.1.36,1619
4.2.1.39,1620
4.2.1.41,1621
4.2.1.44,1622
4.2.1.46,1623
4.2.1.47,1624
4.2.1.49,1625
4.2.1.51,1626
4.2.1.59,1627
4.2.1.6,1628
4.2.1.66,1629
4.2.1.70,1630
4.2.1.75,1631
4.2.1.77,1632
4.2.1.79,1633
4.2.1.8,1634
4.2.1.80,1635
4.2.1.84,1636
4.2.1.9,1637
4.2.1.90,1638
4.2.1.91,1639
4.2.1.92,1640
4.2.1.93,1641
4.2.1.96,1642
4.2.1.99,1643
4.2.2.-,1644
4.2.2.10,1645
4.2.2.2,1646
4.2.2.23,1647
4.2.2.3,1648
4.2.2.n1,1649
4.2.2.n2,1650
4.2.3.-,1651
4.2.3.1,1652
4.2.3.104,1653
4.2.3.106,1654
4.2.3.108,1655
4.2.3.111,1656
4.2.3.113,1657
4.2.3.114,1658
4.2.3.119,1659
4.2.3.120,1660
4.2.3.125,1661
4.2.3.126,1662
4.2.3.133,1663
4.2.3.135,1664
4.2.3.15,1665
4.2.3.153,1666
4.2.3.16,1667
4.2.3.19,1668
4.2.3.23,1669
4.2.3.26,1670
4.2.3.3,1671
4.2.3.4,1672
4.2.3.46,1673
4.2.3.47,1674
4.2.3.5,1675
4.2.3.57,1676
4.2.3.6,1677
4.2.3.81,1678
4.2.99.-,1679
4.2.99.18,1680
4.2.99.20,1681
4.3.1.1,1682
4.3.1.17,1683
4.3.1.18,1684
4.3.1.19,1685
4.3.1.24,1686
4.3.1.3,1687
4.3.1.32,1688
4.3.1.7,1689
4.3.2.1,1690
4.3.2.10,1691
4.3.2.2,1692
4.3.2.3,1693
4.3.2.5,1694
4.3.2.7,1695
4.3.2.9,1696
4.3.3.6,1697
4.3.3.7,1698
4.3.99.3,1699
4.4.1.1,1700
4.4.1.13,1701
4.4.1.14,1702
4.4.1.15,1703
4.4.1.16,1704
4.4.1.17,1705
4.4.1.2,1706
4.4.1.20,1707
4.4.1.21,1708
4.4.1.22,1709
4.4.1.28,1710
4.4.1.3,1711
4.4.1.5,1712
4.6.1.-,1713
4.6.1.1,1714
4.6.1.12,1715
4.6.1.16,1716
4.6.1.17,1717
4.6.1.18,1718
4.6.1.19,1719
4.6.1.2,1720
4.6.1.24,1721
4.98.1.1,1722
4.99.1.12,1723
4.99.1.2,1724
4.99.1.3,1725
4.99.1.4,1726
4.99.1.9,1727
5.-.-.-,1728
5.1.-.-,1729
5.1.1.-,1730
5.1.1.1,1731
5.1.1.10,1732
5.1.1.3,1733
5.1.1.7,1734
5.1.1.8,1735
5.1.2.3,1736
5.1.3.-,1737
5.1.3.1,1738
5.1.3.13,1739
5.1.3.14,1740
5.1.3.2,1741
5.1.3.20,1742
5.1.3.22,1743
5.1.3.24,1744
5.1.3.29,1745
5.1.3.3,1746
5.1.3.32,1747
5.1.3.37,1748
5.1.3.4,1749
5.1.3.5,1750
5.1.3.9,1751
5.1.99.6,1752
5.1.99.8,1753
5.2.1.2,1754
5.2.1.8,1755
5.3.1.-,1756
5.3.1.1,1757
5.3.1.12,1758
5.3.1.13,1759
5.3.1.14,1760
5.3.1.16,1761
5.3.1.17,1762
5.3.1.23,1763
5.3.1.24,1764
5.3.1.25,1765
5.3.1.26,1766
5.3.1.28,1767
5.3.1.30,1768
5.3.1.32,1769
5.3.1.33,1770
5.3.1.4,1771
5.3.1.5,1772
5.3.1.6,1773
5.3.1.8,1774
5.3.1.9,1775
5.3.2.-,1776
5.3.2.1,1777
5.3.2.5,1778
5.3.3.-,1779
5.3.3.1,1780
5.3.3.12,1781
5.3.3.14,1782
5.3.3.2,1783
5.3.3.22,1784
5.3.3.8,1785
5.3.4.1,1786
5.3.99.2,1787
5.3.99.3,1788
5.4.2.-,1789
5.4.2.10,1790
5.4.2.11,1791
5.4.2.12,1792
5.4.2.2,1793
5.4.2.3,1794
5.4.2.4,1795
5.4.2.7,1796
5.4.2.8,1797
5.4.3.8,1798
5.4.4.2,1799
5.4.99.-,1800
5.4.99.1,1801
5.4.99.12,1802
5.4.99.18,1803
5.4.99.19,1804
5.4.99.2,1805
5.4.99.20,1806
5.4.99.22,1807
5.4.99.23,1808
5.4.99.24,1809
5.4.99.25,1810
5.4.99.26,1811
5.4.99.27,1812
5.4.99.28,1813
5.4.99.29,1814
5.4.99.30,1815
5.4.99.39,1816
5.4.99.5,1817
5.4.99.62,1818
5.4.99.7,1819
5.4.99.8,1820
5.5.1.-,1821
5.5.1.12,1822
5.5.1.13,1823
5.5.1.19,1824
5.5.1.4,1825
5.5.1.6,1826
5.6.1.1,1827
5.6.1.7,1828
5.6.2.1,1829
5.6.2.2,1830
5.6.2.4,1831
5.99.-.-,1832
6.-.-.-,1833
6.1.1.-,1834
6.1.1.1,1835
6.1.1.10,1836
6.1.1.11,1837
6.1.1.12,1838
6.1.1.14,1839
6.1.1.15,1840
6.1.1.16,1841
6.1.1.17,1842
6.1.1.18,1843
6.1.1.19,1844
6.1.1.2,1845
6.1.1.20,1846
6.1.1.21,1847
6.1.1.22,1848
6.1.1.23,1849
6.1.1.27,1850
6.1.1.3,1851
6.1.1.4,1852
6.1.1.5,1853
6.1.1.6,1854
6.1.1.7,1855
6.1.1.9,1856
6.2.-.-,1857
6.2.1.-,1858
6.2.1.1,1859
6.2.1.12,1860
6.2.1.14,1861
6.2.1.15,1862
6.2.1.17,1863
6.2.1.2,1864
6.2.1.20,1865
6.2.1.25,1866
6.2.1.26,1867
6.2.1.3,1868
6.2.1.34,1869
6.2.1.4,1870
6.2.1.48,1871
6.2.1.5,1872
6.2.1.54,1873
6.2.1.64,1874
6.3.1.-,1875
6.3.1.1,1876
6.3.1.13,1877
6.3.1.19,1878
6.3.1.2,1879
6.3.1.20,1880
6.3.1.21,1881
6.3.1.5,1882
6.3.2.-,1883
6.3.2.1,1884
6.3.2.10,1885
6.3.2.12,1886
6.3.2.13,1887
6.3.2.17,1888
6.3.2.2,1889
6.3.2.3,1890
6.3.2.31,1891
6.3.2.34,1892
6.3.2.4,1893
6.3.2.5,1894
6.3.2.53,1895
6.3.2.6,1896
6.3.2.7,1897
6.3.2.8,1898
6.3.2.9,1899
6.3.3.1,1900
6.3.3.2,1901
6.3.3.3,1902
6.3.4.-,1903
6.3.4.13,1904
6.3.4.14,1905
6.3.4.15,1906
6.3.4.18,1907
6.3.4.19,1908
6.3.4.2,1909
6.3.4.20,1910
6.3.4.21,1911
6.3.4.22,1912
6.3.4.23,1913
6.3.4.3,1914
6.3.4.4,1915
6.3.4.5,1916
6.3.5.-,1917
6.3.5.1,1918
6.3.5.11,1919
6.3.5.2,1920
6.3.5.3,1921
6.3.5.4,1922
6.3.5.5,1923
6.3.5.7,1924
6.3.5.9,1925
6.4.1.3,1926
6.4.1.4,1927
6.5.1.1,1928
6.5.1.2,1929
6.5.1.3,1930
6.5.1.4,1931
6.5.1.8,1932
6.5.1.9,1933
6.6.1.1,1934
7.-.-.-,1935
7.1.1.-,1936
7.1.1.1,1937
7.1.1.2,1938
7.1.1.3,1939
7.1.1.6,1940
7.1.1.7,1941
7.1.1.8,1942
7.1.1.9,1943
7.1.2.1,1944
7.1.2.2,1945
7.1.3.1,1946
7.2.1.-,1947
7.2.1.1,1948
7.2.1.3,1949
7.2.2.-,1950
7.2.2.10,1951
7.2.2.11,1952
7.2.2.12,1953
7.2.2.20,1954
7.2.2.21,1955
7.2.2.6,1956
7.2.2.7,1957
7.2.2.8,1958
7.2.2.9,1959
7.2.3.1,1960
7.2.4.2,1961
7.3.2.1,1962
7.3.2.2,1963
7.3.2.3,1964
7.3.2.5,1965
7.3.2.7,1966
7.4.2.-,1967
7.4.2.10,1968
7.4.2.11,1969
7.4.2.5,1970
7.4.2.8,1971
7.4.2.9,1972
7.5.2.-,1973
7.5.2.1,1974
7.5.2.10,1975
7.5.2.11,1976
7.5.2.12,1977
7.5.2.3,1978
7.5.2.4,1979
7.5.2.6,1980
7.5.2.7,1981
7.6.2.-,1982
7.6.2.10,1983
7.6.2.11,1984
7.6.2.13,1985
7.6.2.14,1986
7.6.2.15,1987
7.6.2.2,1988
7.6.2.5,1989
7.6.2.7,1990
7.6.2.8,1991
1.1.1.107,1992
1.1.1.119,1993
1.1.1.203,1994
1.1.1.226,1995
1.1.1.301,1996
1.1.1.345,1997
1.1.1.374,1998
1.1.1.376,1999
1.1.1.378,2000
1.1.1.390,2001
1.1.1.420,2002
1.1.1.424,2003
1.1.1.432,2004
1.1.1.433,2005
1.1.1.438,2006
1.1.2.-,2007
1.1.2.10,2008
1.1.2.8,2009
1.1.3.4,2010
1.1.3.50,2011
1.1.3.6,2012
1.1.99.14,2013
1.13.12.2,2014
1.14.11.49,2015
1.14.11.51,2016
1.14.13.244,2017
1.14.13.248,2018
1.14.13.251,2019
1.14.13.252,2020
1.14.14.181,2021
1.14.15.19,2022
1.14.15.38,2023
1.14.19.27,2024
1.14.19.28,2025
1.14.19.36,2026
1.14.19.40,2027
1.14.19.45,2028
1.14.19.46,2029
1.14.19.55,2030
1.14.19.57,2031
1.14.19.58,2032
1.14.19.59,2033
1.14.19.60,2034
1.14.19.78,2035
1.14.19.80,2036
1.14.19.9,2037
1.14.99.55,2038
1.14.99.56,2039
1.16.1.10,2040
1.16.99.1,2041
1.17.1.10,2042
1.17.3.-,2043
1.17.3.5,2044
1.17.98.3,2045
1.17.99.8,2046
1.2.1.26,2047
1.2.1.77,2048
1.2.1.81,2049
1.2.1.97,2050
1.2.1.n2,2051
1.21.-.-,2052
1.3.1.95,2053
1.3.2.-,2054
1.3.8.10,2055
1.3.8.11,2056
1.3.99.41,2057
1.4.1.-,2058
1.4.1.20,2059
1.4.1.28,2060
1.4.2.2,2061
1.4.2.3,2062
1.4.3.1,2063
1.4.3.11,2064
1.5.1.55,2065
1.5.3.24,2066
1.5.7.3,2067
1.5.99.4,2068
1.6.3.4,2069
1.7.1.-,2070
1.7.2.-,2071
1.7.2.9,2072
2.1.1.103,2073
2.1.1.205,2074
2.1.1.243,2075
2.2.1.-,2076
2.2.1.14,2077
2.2.1.15,2078
2.3.1.310,2079
2.3.1.315,2080
2.3.1.316,2081
2.3.1.42,2082
2.3.3.17,2083
2.4.1.230,2084
2.4.1.341,2085
2.4.1.343,2086
2.4.1.348,2087
2.4.1.349,2088
2.4.1.371,2089
2.4.1.377,2090
2.4.1.389,2091
2.4.1.393,2092
2.4.1.58,2093
2.4.99.23,2094
2.4.99.24,2095
2.4.99.27,2096
2.5.1.158,2097
2.5.1.159,2098
2.5.1.63,2099
2.5.1.80,2100
2.6.1.107,2101
2.6.1.113,2102
2.6.1.114,2103
2.6.1.119,2104
2.6.1.122,2105
2.6.1.125,2106
2.6.1.126,2107
2.6.1.18,2108
2.6.1.48,2109
2.7.1.101,2110
2.7.1.184,2111
2.7.1.225,2112
2.7.1.229,2113
2.7.1.234,2114
2.7.1.239,2115
2.7.1.3,2116
2.7.1.8,2117
2.7.7.107,2118
2.7.7.86,2119
2.7.9.6,2120
2.8.2.14,2121
2.8.2.22,2122
2.8.3.18,2123
2.8.3.24,2124
3.1.1.122,2125
3.1.1.99,2126
3.1.2.21,2127
3.1.2.33,2128
3.1.26.12,2129
3.1.3.109,2130
3.1.3.43,2131
3.13.-.-,2132
3.13.2.3,2133
3.2.1.170,2134
3.2.1.216,2135
3.2.1.218,2136
3.2.1.219,2137
3.2.1.221,2138
3.2.1.222,2139
3.2.1.223,2140
3.2.1.6,2141
3.2.2.3,2142
3.3.2.-,2143
3.4.21.123,2144
3.5.1.11,2145
3.5.1.123,2146
3.5.1.138,2147
3.5.1.30,2148
3.5.1.75,2149
3.5.1.94,2150
3.5.3.27,2151
3.5.99.-,2152
3.6.1.67,2153
3.7.1.23,2154
3.7.1.26,2155
4.1.1.115,2156
4.1.1.126,2157
4.1.1.127,2158
4.1.1.69,2159
4.1.2.10,2160
4.1.2.29,2161
4.1.2.57,2162
4.1.2.65,2163
4.1.2.66,2164
4.1.99.28,2165
4.2.1.166,2166
4.2.1.182,2167
4.2.1.25,2168
4.2.1.43,2169
4.2.1.67,2170
4.2.1.7,2171
4.2.2.1,2172
4.2.3.174,2173
4.2.3.185,2174
4.2.3.201,2175
4.2.3.216,2176
4.2.3.222,2177
4.2.3.223,2178
4.2.3.225,2179
4.2.3.228,2180
4.2.3.71,2181
4.3.1.-,2182
4.3.1.27,2183
4.3.2.-,2184
4.3.3.8,2185
4.4.1.24,2186
4.4.1.43,2187
4.8.1.7,2188
4.8.1.8,2189
5.1.99.1,2190
5.1.99.4,2191
5.3.1.29,2192
5.3.1.31,2193
5.3.1.37,2194
5.3.1.7,2195
5.3.2.2,2196
5.4.2.9,2197
5.4.99.41,2198
5.4.99.56,2199
5.4.99.9,2200
5.6.2.-,2201
5.6.2.3,2202
6.2.1.37,2203
6.2.1.44,2204
6.2.1.47,2205
6.3.-.-,2206
6.3.1.11,2207
6.3.2.63,2208
6.3.4.12,2209
6.7.1.2,2210
7.4.2.1,2211
7.4.2.13,2212
7.6.2.9,2213
1.11.1.10,2214
1.14.20.-,2216
3.13.1.8,2218
